{

    "metadata" :
    {
        "formatVersion" : 3.1,
        "sourceFile"    : "Tank.obj",
        "generatedBy"   : "OBJConverter",
        "vertices"      : 180,
        "faces"         : 150,
        "normals"       : 38,
        "colors"        : 0,
        "uvs"           : 48,
        "materials"     : 1
    },

    "scale" : 1.000000,

    "materials": [	{
	"DbgColor" : 15658734,
	"DbgIndex" : 0,
	"DbgName" : "default"
	}],

    "vertices": [0.224821,0.045885,0.571395,0.224821,0.045885,-0.380437,0.224821,0.425355,0.571395,0.224821,0.275355,-0.380437,-0.224821,0.425355,0.571395,-0.224821,0.275355,-0.380437,-0.224821,0.045885,0.571395,-0.224821,0.045885,-0.380437,-0.224821,0.425355,-0.201007,-0.224821,0.045885,-0.201007,0.224821,0.045885,-0.201007,0.224821,0.425355,-0.201007,0.349932,0.079007,0.601006,0.349931,0.079007,-0.301007,0.349932,0.384149,0.601006,0.349931,0.284149,-0.301007,-0.349931,0.384149,0.601006,-0.349932,0.284149,-0.301007,-0.349931,0.079007,0.601006,-0.349932,0.079007,-0.301007,-0.349932,0.384149,-0.173678,-0.349932,0.079007,-0.173678,0.349931,0.079007,-0.173678,0.349931,0.384149,-0.173678,-0.349932,0.384149,0.300335,-0.349932,0.079007,0.300335,0.349932,0.079007,0.300335,0.349932,0.384149,0.300335,-0.116643,0.284149,-0.301007,-0.116643,0.384149,-0.173678,-0.116643,0.384149,0.300335,-0.116643,0.384149,0.601006,-0.116643,0.079007,0.601006,-0.116643,0.079007,0.300335,-0.116643,0.079007,-0.173678,-0.116643,0.079007,-0.301007,0.116644,0.284149,-0.301007,0.116644,0.384149,-0.173678,0.116644,0.384149,0.300335,0.116644,0.384149,0.601006,0.116644,0.079007,0.601006,0.116644,0.079007,0.300335,0.116644,0.079007,-0.173678,0.116644,0.079007,-0.301007,0.090400,0.113334,0.701006,0.271199,0.113334,0.701006,0.271199,0.349822,0.701006,0.090400,0.349822,0.701006,-0.271199,0.113334,0.701006,-0.090399,0.113334,0.701006,-0.090399,0.349822,0.701006,-0.271199,0.349822,0.701006,-0.349932,0.145885,0.746360,-0.349933,0.145885,-0.746360,-0.349932,0.317271,0.746360,-0.349933,0.217271,-0.746360,-0.650068,0.317271,0.746360,-0.650068,0.217271,-0.746360,-0.650068,0.145885,0.746360,-0.650068,0.145885,-0.746360,-0.650068,0.317271,-0.541378,-0.650068,0.145885,-0.541378,-0.349932,0.145885,-0.541378,-0.349932,0.317271,-0.541378,-0.650068,0.317271,0.048787,-0.650068,0.145885,0.048787,-0.349932,0.145885,0.048787,-0.349932,0.317271,0.048787,-0.349932,0.218568,0.287298,-0.349932,0.218568,0.129946,-0.349932,0.390556,0.287298,-0.349932,0.390556,0.129946,-0.700068,0.390556,0.287298,-0.700068,0.390556,0.129946,-0.700068,0.218568,0.287298,-0.700068,0.218568,0.129946,-0.349932,0.218568,0.537298,-0.349932,0.218568,0.379946,-0.349932,0.390556,0.537298,-0.349932,0.390556,0.379946,-0.700068,0.390556,0.537298,-0.700068,0.390556,0.379946,-0.700068,0.218568,0.537298,-0.700068,0.218568,0.379946,-0.387007,0.055263,0.677133,-0.387007,0.055263,-0.683518,-0.387007,0.207888,0.677133,-0.387007,0.207888,-0.683518,-0.612993,0.207888,0.677133,-0.612994,0.207888,-0.683518,-0.612993,0.055263,0.677133,-0.612994,0.055263,-0.683518,-0.612994,-0.003304,-0.539266,-0.387007,-0.003304,-0.539266,-0.387007,0.207888,-0.539266,-0.612994,0.207888,-0.539266,-0.612993,-0.003304,0.532881,-0.387007,-0.003304,0.532881,-0.387007,0.207888,0.532881,-0.612993,0.207888,0.532881,0.650068,0.145885,0.746360,0.650067,0.145885,-0.746360,0.650068,0.317271,0.746360,0.650067,0.217271,-0.746360,0.349932,0.317271,0.746360,0.349931,0.217271,-0.746360,0.349932,0.145885,0.746360,0.349931,0.145885,-0.746360,0.349931,0.317271,-0.539266,0.349931,0.145885,-0.539266,0.650067,0.145885,-0.539266,0.650067,0.317271,-0.539266,0.349932,0.317271,0.048787,0.349932,0.145885,0.048787,0.650067,0.145885,0.048787,0.650067,0.317271,0.048787,0.612993,0.055263,0.677133,0.612993,0.055263,-0.683518,0.612993,0.207888,0.677133,0.612993,0.207888,-0.683518,0.387006,0.207888,0.677133,0.387006,0.207888,-0.683518,0.387006,0.055263,0.677133,0.387006,0.055263,-0.683518,0.387006,-0.003304,-0.539266,0.612993,-0.003304,-0.539266,0.612993,0.207888,-0.539266,0.387006,0.207888,-0.539266,0.387006,-0.003304,0.532881,0.612993,-0.003304,0.532881,0.612993,0.207888,0.532881,0.387006,0.207888,0.532881,0.700068,0.218568,0.287298,0.700068,0.218568,0.129946,0.700068,0.390556,0.287298,0.700068,0.390556,0.129946,0.349932,0.390556,0.287298,0.349932,0.390556,0.129946,0.349932,0.218568,0.287298,0.349932,0.218568,0.129946,0.700068,0.218568,0.537298,0.700068,0.218568,0.379946,0.700068,0.390556,0.537298,0.700068,0.390556,0.379946,0.349932,0.390556,0.537298,0.349932,0.390556,0.379946,0.349932,0.218568,0.537298,0.349932,0.218568,0.379946,0.111613,0.460072,0.576905,0.111613,0.460072,0.030080,0.065937,0.613616,0.526905,0.065937,0.613616,0.080080,-0.065937,0.613616,0.526905,-0.065937,0.613616,0.080080,-0.111613,0.460072,0.576905,-0.111613,0.460072,0.030080,-0.065937,0.613616,0.442866,-0.111613,0.460072,0.442866,0.111613,0.460072,0.442866,0.065937,0.613616,0.442866,0.078221,0.483040,0.094484,0.078221,0.483040,-0.628622,0.046210,0.590648,0.094484,0.046210,0.590648,-0.628622,-0.046210,0.590648,0.094484,-0.046211,0.590648,-0.628622,-0.078221,0.483040,0.094484,-0.078222,0.483040,-0.628622,-0.046211,0.590648,-0.467069,-0.078222,0.483040,-0.467069,0.078221,0.483040,-0.467069,0.046210,0.590648,-0.467069,0.174946,0.425355,0.165819,-0.174946,0.425355,0.165819,0.174946,0.563616,0.211495,-0.174946,0.563616,0.211495,0.174946,0.563616,0.443368,-0.174946,0.563616,0.443369,0.174946,0.425355,0.489044,-0.174946,0.425355,0.489045],

    "morphTargets": [],

    "morphColors": [],

    "normals": [1,0,-0,-0,1,0,-0,0.94001,-0.34116,-1,0,0,0,-1,0,-0,0,-1,0,0,1,-0,0.76722,-0.64138,0.94491,0,0.32734,0,0.98636,0.16459,-0.94491,-0,0.32734,0,-0.98636,0.16459,-0,0.78645,-0.61765,-0,0.94511,-0.32677,0,-0.94582,0.32468,0.7857,0,0.6186,0,0.94582,0.32468,-0.7857,-0,0.61861,-0,0.89875,-0.43845,-0,0.97436,-0.225,0,-0.92655,0.37618,0,-0.98147,0.19164,-0,-0.98147,-0.19164,-0,-0.92655,-0.37618,-0,0.90051,-0.43483,-0,0.97481,-0.22304,0.95849,0.28513,-0,-0,1,0,-0.95849,0.28513,0,0,-1,0,-0,0.30964,-0.95086,0,0.30964,0.95086,-0,0,-1,0,0,1,-0,0.31369,-0.94953,0,0.31369,0.94953,-1,-0,0,1,0,-0],

    "colors": [],

    "uvs": [[0.004975,0.98995,0.050472,0.98995,0.050472,0.94445,0.004975,0.94445,0.009107,0.86734,0.054605,0.86734,0.054605,0.82185,0.009107,0.82185,0.070411,0.86734,0.11591,0.86734,0.11591,0.82185,0.070411,0.82185,0.009107,0.98995,0.054605,0.98995,0.054605,0.94445,0.009107,0.94445,0.009107,0.99408,0.054605,0.99408,0.054605,0.94859,0.009107,0.94859,0.0711,0.86734,0.1166,0.86734,0.1166,0.82185,0.0711,0.82185,0.009107,0.99133,0.054605,0.99133,0.054605,0.94583,0.009107,0.94583,0.010038,0.99073,0.032199,0.99073,0.032199,0.94641,0.010038,0.94641,0.010038,0.86878,0.05436,0.86878,0.05436,0.82446,0.010038,0.82446,0.05436,0.99073,0.05436,0.94641,0.032199,0.86878,0.032199,0.82446,0.010038,0.9927,0.05436,0.9927,0.05436,0.94838,0.010038,0.94838,0.072846,0.86878,0.11717,0.86878,0.11717,0.82446,0.072846,0.82446]],